id;title;content;create_time;update_time;status;user_id
1;Singapore область;Потрясающий action-items;2022-04-26T08:08:15;2022-04-26T10:00:34;Published;1
2;Buckinghamshire;solutions;2022-04-26T02:12:24;2022-04-26T08:59:57;Published;1
3;next-generation Pataca;payment;2022-04-26T05:46:23;2022-04-25T23:58:46;Published;1
4;мобильный Dinar Fully-configurable;Тринидад интерфейс зашифровать;2022-04-26T10:15:18;2022-04-26T04:20:12;Published;1
5;край enterprise;collaborative Гамбия Носки;2022-04-25T18:18:34;2022-04-26T06:30:56;Published;1
6;withdrawal Невероятный Объединенные;Digitized;2022-04-25T22:26:15;2022-04-25T21:08:09;Published;1
7;Меховой Хлопковый;помощник;2022-04-26T01:22:43;2022-04-25T14:31:06;Published;1
8;навигация;clicks-and-mortar Фантастический;2022-04-26T08:59:17;2022-04-25T11:45:57;Published;1
9;проспект запрограммировать;Qatari Сабо кросс-платформенный;2022-04-25T15:55:35;2022-04-25T14:20:12;Published;1
10;генерировать Тверская навигация;улица deposit;2022-04-25T20:08:14;2022-04-26T10:02:00;Published;1
